Model,img
BMW X2,https://www.autoczarter.pl/wp-content/plugins/vikrentcar/admin/resources/bmwx2.png
BMW M4,https://carimages.d2cmedia.ca/newcarimages/en/cb68e810d5b2aa2/BMW/M4/2025/2100/454247/White/front45.png
BMW 6 Series,https://media.adtorqueedge.com/new-cars/bmw-my/6-series-gt/variant/630i.png
BMW M2,https://vehicle-images.dealerinspire.com/stock-images/thumbnails/large/chrome/3b7806bc9ddf5ef4d13c13574d21b0ec.png
BMW iX3,https://images.ctfassets.net/90a0xfzm8yw3/3fVlnVw3dxAUaPc5UnB6lN/4300d28098f826144447ab123931a46b/New_BMW_iX3_Basic-Line_cosy.png
BMW 8 Series,https://www.bmw.com/content/dam/bmw/common/all-models/m-series/m8-gran-coupe/2022/navigation/bmw-m8-competition-gran-coupe-modelfinder.png
BMW 7 Series,https://img.sm360.ca/ir/w640h333c/images/newcar/ca/2024/bmw/serie-7-berline/760i-xdrive/sedan/exteriorColors/2024_bmw_serie-7_760i-xdrive_032_a96.png
BMW i4,https://img.sm360.ca/ir/w640h390c/images/newcar/ca/2025/bmw/i4/edrive35/coupe/exteriorColors/2025_bmw_i4_gran-coupe_1-edrive35_ext_032_300.png
BMW X4,https://bmwx4.pl/wp-content/uploads/2024/09/BMW-X4-PNG-Free-File-Download.png
BMW M3,https://imageutils.oragdigital.com:5001/image/resize/920x?path=https://orag-vehicle-images.s3.us-west-2.amazonaws.com/2025/BMW/M3/cc_2025BMC110001_01_1280_300.png
BMW X6,https://larte-design.com/storage/app/media/kits/bmw/x6-facelift/colors/mineral-white/bmw-x6-g06-lci-facelift-upgrade-front-mineral-white.webp
BMW 5 Series,https://dealerdotcom.webdamdb.com/embeddables/display.php?size=550&webid=2fLeBqdUSB912cVH
BMW M5,https://vehicle-images.dealerinspire.com/stock-images/thumbnails/large/chrome/c6a38a1cbd0024d5ba97d7e477b9db44.png
BMW X1,https://vehicle-images.dealerinspire.com/stock-images/thumbnails/large/chrome/51c49649adc3d5002d96a7da861d22f0.png
BMW 2 Series,https://www.bmw.pl/content/dam/bmw/common/all-models/2-series/gran-coupe/2024/navigation/bmw-2-series-ice-lci-modelfinder.png
BMW X5,https://celauto.pl/wp-content/uploads/2021/08/bmwx5.png
BMW M8,https://images.dealer.com/ddc/vehicles/2022/BMW/M8%20Gran%20Coupe/Sedan/perspective/front-left/2022_76.png
BMW iX,https://www.bmw.pl/content/dam/bmw/common/all-models/i-series/iX1/2022/Navigation/bmw-xseries-iX1-modellfinder.png
BMW i8,https://www.evspecifications.info/wp-content/uploads/2019/11/BMW-i8-Coupe0-1-1024x768.png
BMW i3,https://evsafecharge.com/wp-content/uploads/2019/08/2019-BMW-i3-white-full_color-driver_side_front_quarter.png
BMW Z4,https://img.sm360.ca/ir/w640h333c/images/newcar/ca/2024/bmw/z4/sdrive30i/roadster/exteriorColors/2024_bmw_z4_sdrive30i_032_300.png
BMW 4 Series,https://gld-creative.s3.us-west-2.amazonaws.com/2026-bmw-4-series-m440i-coupe-efbecb536ecc-600x300.png
BMW X3,https://di-uploads-pod10.dealerinspire.com/billjacobsbmw/uploads/2020/11/2020-BMW-X3-M-BillJacobs.png
BMW X7,https://di-shared-assets.dealerinspire.com/legacy/rackspace/ldm-images/2024-BMW-X7-Trim-ALPINA-XB7.png
BMW 3 Series,https://di-shared-assets.dealerinspire.com/legacy/rackspace/ldm-images/2021-BMW-3-Series-hero.png
BMW 1 Series,https://www.bmw.pl/content/dam/bmw/common/all-models/m-series/m135i/2024/navigation/bmw-1-series-m135-xdrive-sun-protection-modelfinder.png
